#{"t_start": 0, "env_id": 0}
r,l,t
-7153.702293,15.000000000000325,6.784313
-7594.143306,15.000000000000325,11.54029
