#{"t_start": 0, "env_id": 0}
r,l,t
-11829.774306,15.000000000000325,18.21104
-12338.778775,15.000000000000325,39.125397
