#{"t_start": 0, "env_id": 0}
r,l,t
-7104.54996,15.000000000000325,5.917837
-5787.344059,15.000000000000325,11.385245
