#{"t_start": 0, "env_id": 0}
r,l,t
-4462.14416,15.000000000000325,6.236264
-3134.997904,15.000000000000325,13.07733
7931.655486,15.000000000000325,32.178027
