#{"t_start": 0, "env_id": 0}
r,l,t
-10867.138801,15.000000000000325,9.255459
-10202.72912,15.000000000000325,19.559589
