#{"t_start": 0, "env_id": 0}
r,l,t
-12980.623958,15.000000000000325,9.298831
-14244.980165,15.000000000000325,18.268218
