#{"t_start": 0, "env_id": 0}
r,l,t
-770.0,15.000000000000325,13.013402
-664.0,15.000000000000325,36.940069
