#{"t_start": 0, "env_id": 0}
r,l,t
-15539.580439,15.000000000000325,12.212059
-12908.882768,15.000000000000325,23.582609
-412.963792,15.000000000000325,46.496653
