#{"t_start": 0, "env_id": 0}
r,l,t
-17.124733,15.000000000000325,10.564308
-11.262652,15.000000000000325,22.905746
6.961882,15.000000000000325,42.640798
