#{"t_start": 0, "env_id": 0}
r,l,t
-1031.212992,15.000000000000325,2.607118
-900.246049,15.000000000000325,4.479483
123.315394,15.000000000000325,58.225547
282.173811,15.000000000000325,72.816769
-32.222595,15.000000000000325,87.39089
-178.835577,15.000000000000325,103.831447
906.482982,15.000000000000325,130.74999
