#{"t_start": 0, "env_id": 0}
r,l,t
-1610.625762,15.000000000000325,3.124542
-2340.197237,15.000000000000325,6.216066
-1484.778221,15.000000000000325,21.612388
