#{"t_start": 0, "env_id": 0}
r,l,t
-774.223828,15.000000000000325,1.641864
-1101.638941,15.000000000000325,4.432234
924.992773,15.000000000000325,19.317129
