#{"t_start": 0, "env_id": 0}
r,l,t
1694.0,15.000000000000325,4.086036
402.0,15.000000000000325,9.05605
216.0,15.000000000000325,24.42071
