#{"t_start": 0, "env_id": 0}
r,l,t
-2381.0,15.000000000000325,3.254719
-2384.0,15.000000000000325,5.77464
662.0,15.000000000000325,21.240911
