#{"t_start": 0, "env_id": 0}
r,l,t
354.0,15.000000000000325,6.521272
1218.0,15.000000000000325,18.112991
