#{"t_start": 0, "env_id": 0}
r,l,t
-212.202609,3.2499999999999933,0.433589
0.0,0.016666666666666666,0.439623
69.767331,2.5666666666666624,3.600467
86.616452,3.1499999999999937,6.699622
56.545605,2.066666666666664,10.496759
51.894593,1.8833333333333315,12.332496
91.991621,3.3166666666666598,15.594541
80.979742,2.9499999999999944,18.484816
